{"schemaVersion":"1.0","appDefinitionTemplate":{"id":"/providers/Microsoft.PowerApps/apps/","type":"Microsoft.PowerApps/apps","tags":{"primaryDeviceWidth":"1366","primaryDeviceHeight":"768","sienaVersion":"20210321T100522Z-3.21032.45.0","deviceCapabilities":"","supportsPortrait":"false","supportsLandscape":"true","primaryFormFactor":"Tablet","publisherVersion":"3.21032.45","minimumRequiredApiVersion":"2.2.0","hasComponent":"false","hasUnlockedComponent":"false","isUnifiedRootApp":"false"},"properties":{"appVersion":"2021-03-21T10:05:22Z","lifeCycleId":"Published","createdByClientVersion":{"major":3,"minor":21032,"build":45,"revision":0,"majorRevision":0,"minorRevision":0},"minClientVersion":{"major":3,"minor":21032,"build":45,"revision":0,"majorRevision":0,"minorRevision":0},"backgroundColor":"rgba(37, 62, 143, 1)","backgroundImageUri":"/10241844780263171249/N74557a97-1c5a-4f89-a9bf-c85154338ec3-logoSmallFile","displayName":"Request-a-guest","description":"","commitMessage":"","appUris":{"documentUri":{"value":"/10241844780263171249/N0546caa7-ae2d-49bd-8b0b-0ed415837dc9-document.msapp"},"imageUris":[]},"createdTime":"0001-01-01T00:00:00Z","lastModifiedTime":"0001-01-01T00:00:00Z","sharedGroupsCount":0,"sharedUsersCount":0,"icons":{"smallIconUri":"/10241844780263171249/Nfd4af2ef-fbb5-42f5-8b9d-57cf04e99811-small.png","mediumIconUri":"/10241844780263171249/Nc98380e8-e7f1-4272-a198-b9a58f230769-medium.png","largeIconUri":"/10241844780263171249/N1d3230f7-a31e-42e9-bef6-3eeabd4dcc68-large.png","wideIconUri":"/10241844780263171249/N7d250987-d0ef-4b6c-a73e-672f4822ddca-wide.png"},"connectionReferences":{"71ac2516-da00-4069-af86-96cdcdf01e7c":{"id":"f4f99af2-a471-4cdf-bd43-cee21b5cfd32","displayName":"SharePoint","iconUri":"https://connectoricons-prod.azureedge.net/releases/v1.0.1451/1.0.1451.2361/sharepointonline/icon.png","dataSources":["Guests"],"dependencies":[],"dependents":[],"parameterHints":{},"isOnPremiseConnection":false,"bypassConsent":false,"dataSets":{"https://m365x758673.sharepoint.com/sites/Request-a-Guest":{"dataSources":{"Guests":{"tableName":"2cd883a9-60e6-40f5-a69c-65b3c2bbbf78"}}}},"apiTier":"Standard","isCustomApiConnection":false},"7dfdbbed-4d9a-43ab-a102-5818e2cfc027":{"id":"8a7475fa-4e6f-49fb-b2e5-ab5d51570bc2","displayName":"Office 365 Groups","iconUri":"https://connectoricons-prod.azureedge.net/releases/v1.0.1445/1.0.1445.2347/office365groups/icon.png","dataSources":["Office365Groups"],"dependencies":[],"dependents":[],"parameterHints":{},"isOnPremiseConnection":false,"bypassConsent":false,"dataSets":{},"apiTier":"Standard","isCustomApiConnection":false,"actions":["ListGroupMembers"]},"6ddb9af3-f059-4e95-96b2-c6bd3ad88d9d":{"id":"ca8c85ba-bbfe-4ebb-8306-9c179065a6d8","displayName":"Office 365 Users","iconUri":"https://connectoricons-prod.azureedge.net/releases/v1.0.1430/1.0.1430.2296/office365users/icon.png","dataSources":["Office365Users"],"dependencies":[],"dependents":[],"parameterHints":{},"isOnPremiseConnection":false,"bypassConsent":false,"dataSets":{},"apiTier":"Standard","isCustomApiConnection":false,"actions":["MyProfile"]}},"databaseReferences":{},"almMode":"Environment","performanceOptimizationEnabled":true,"canConsumeAppPass":true,"executionRestrictions":{"isTeamsOnly":false,"dataLossPreventionEvaluationResult":{"status":"Compliant","lastEvaluationDate":"2021-01-12T12:59:39.1738692Z","violationDetails":[]}}},"isAppComponentLibrary":false,"appType":"ClassicCanvasApp","appComponents":[]}}